image,center_x,center_y,bbox_x,bbox_y,bbox_w,bbox_h,bbox_rotation,angle_deg,confidence
043033e6-color.png,347.6,83.9,324.1,61.0,46.9,45.7,183.0,100.1,0.8972
043033e6-color.png,346.4,181.6,324.2,160.9,44.5,41.3,75.2,26.3,0.8882
043033e6-color.png,459.3,188.8,438.8,166.5,41.0,44.6,356.6,92.2,0.7423
043033e6-color.png,453.5,85.6,429.1,62.7,48.9,45.7,288.2,95.7,0.7021
04f3656c-color.png,430.0,192.8,409.4,176.7,41.4,32.2,358.3,110.5,0.9611
04f3656c-color.png,362.2,194.1,344.4,176.2,35.6,35.8,359.1,194.6,0.9438
04f3656c-color.png,361.1,81.8,344.0,63.3,34.2,37.0,359.4,311.7,0.9363
04f3656c-color.png,428.3,80.8,411.8,60.6,33.0,40.5,359.9,1.5,0.928
04f3656c-color.png,429.8,136.0,413.5,116.9,32.5,38.2,0.7,14.1,0.9192
04f3656c-color.png,362.5,137.9,345.4,119.1,34.2,37.5,358.1,34.5,0.9036
07865578-color.png,362.7,193.6,343.3,176.0,38.6,35.1,359.8,197.5,0.9599
07865578-color.png,430.5,193.7,409.9,177.8,41.2,31.9,358.1,166.5,0.9514
07865578-color.png,360.7,81.8,344.3,63.1,32.8,37.4,358.8,298.2,0.9424
07865578-color.png,362.2,139.5,346.4,119.3,31.6,40.4,358.9,63.7,0.9106
07865578-color.png,428.4,134.9,408.6,117.5,39.4,34.8,359.8,93.2,0.9101
07865578-color.png,429.0,78.2,411.3,59.6,35.5,37.3,359.7,306.0,0.9036
087dcfd7-color.png,346.7,77.7,326.3,59.5,41.0,36.5,357.2,273.8,0.905
087dcfd7-color.png,418.5,188.6,400.0,169.8,37.0,37.7,358.9,297.8,0.9039
087dcfd7-color.png,349.7,133.6,333.0,113.8,33.5,39.5,2.0,291.9,0.896
087dcfd7-color.png,420.2,74.6,399.6,57.3,41.1,34.5,3.3,355.2,0.8943
087dcfd7-color.png,352.6,189.9,334.1,172.1,37.0,35.5,3.6,18.1,0.8796
087dcfd7-color.png,416.9,130.9,396.8,114.1,40.1,33.6,6.9,329.3,0.8479
0bba039a-color.png,346.2,183.0,323.4,163.5,45.7,39.0,289.2,24.0,0.9064
0bba039a-color.png,348.1,83.8,324.8,59.2,46.7,49.0,13.8,124.7,0.8791
0bba039a-color.png,406.0,118.5,383.9,94.8,44.1,47.5,258.3,40.4,0.7341
0bba039a-color.png,460.2,187.5,439.2,165.1,41.9,44.7,351.0,73.3,0.7081
0d94c8b4-color.png,510.8,190.4,485.5,165.3,50.5,50.2,98.3,129.8,0.9036
0d94c8b4-color.png,400.1,188.7,376.0,165.0,48.2,47.5,95.9,208.1,0.8707
0d94c8b4-color.png,488.7,120.8,466.8,95.6,43.9,50.3,114.2,86.0,0.8632
0d94c8b4-color.png,427.7,77.5,401.7,53.3,52.0,48.3,105.3,120.6,0.8623
0d94c8b4-color.png,455.5,152.9,428.9,127.5,53.1,50.8,110.1,7.4,0.8122
0dbbf327-color.png,370.1,229.2,345.2,203.1,49.8,52.1,222.6,229.7,0.8624
0dbbf327-color.png,362.1,161.0,337.6,134.3,49.0,53.4,213.3,69.4,0.8297
0dbbf327-color.png,429.0,215.4,405.8,190.0,46.4,50.9,211.7,60.0,0.823
0dbbf327-color.png,423.3,113.2,397.5,87.8,51.6,50.8,238.2,226.8,0.7688
0ff35cbe-color.png,371.1,190.6,348.6,169.0,44.9,43.2,146.7,288.0,0.8145
0ff35cbe-color.png,429.2,193.5,408.1,170.9,42.2,45.1,165.0,82.6,0.7761
0ff35cbe-color.png,374.8,117.1,352.6,95.8,44.3,42.6,67.4,147.2,0.7432
0ff35cbe-color.png,435.0,92.1,411.9,70.3,46.1,43.5,127.8,30.4,0.7419
11cc29f2-color.png,405.3,93.7,381.2,67.3,48.3,52.8,276.0,303.8,0.8004
11cc29f2-color.png,346.7,92.9,324.5,69.0,44.4,47.8,61.5,233.6,0.7939
11cc29f2-color.png,345.5,166.7,326.1,142.9,38.7,47.7,187.5,67.2,0.7529
11cc29f2-color.png,460.3,167.4,439.2,142.0,42.2,50.7,350.8,86.1,0.7298
11cc29f2-color.png,404.8,168.0,378.6,142.8,52.4,50.3,214.8,60.2,0.7257
1b70d76b-color.png,371.2,189.0,348.7,167.6,44.9,42.7,150.3,326.0,0.8406
1b70d76b-color.png,429.4,193.0,409.5,170.0,39.8,46.0,155.0,93.5,0.7918
1b70d76b-color.png,373.7,124.2,350.9,101.0,45.7,46.2,136.4,190.2,0.7172
2659ffa5-color.png,345.9,143.3,327.6,120.9,36.6,44.8,350.5,28.4,0.9108
2659ffa5-color.png,346.4,101.6,327.2,83.9,38.3,35.3,358.4,338.6,0.8387
2659ffa5-color.png,412.6,196.5,393.5,178.2,38.3,36.6,2.2,53.1,0.8359
2659ffa5-color.png,411.7,86.8,392.7,68.7,37.9,36.2,359.0,0.4,0.8218
2659ffa5-color.png,414.3,139.0,395.2,120.2,38.2,37.5,5.5,28.4,0.7754
2659ffa5-color.png,346.9,204.1,329.4,184.7,34.9,38.7,350.1,34.0,0.7649
26ec68e2-color.png,360.4,82.2,343.2,64.1,34.4,36.2,357.9,330.0,0.956
26ec68e2-color.png,428.5,79.6,413.0,59.3,31.0,40.6,3.2,288.5,0.9373
26ec68e2-color.png,362.8,194.6,346.7,174.2,32.1,40.9,359.6,227.0,0.9372
26ec68e2-color.png,429.5,134.9,409.4,118.3,40.2,33.2,358.3,18.4,0.9292
26ec68e2-color.png,429.9,192.5,413.4,172.6,33.0,39.7,1.5,115.8,0.9276
26ec68e2-color.png,362.0,136.4,345.7,116.9,32.5,38.9,0.6,77.0,0.9049
291c88b4-color.png,415.0,129.4,395.8,112.4,38.5,34.2,358.2,344.5,0.9205
291c88b4-color.png,423.4,71.3,404.9,53.3,36.9,36.1,359.1,319.8,0.9107
291c88b4-color.png,352.9,131.6,336.9,111.7,32.1,39.7,4.8,330.8,0.9042
291c88b4-color.png,417.6,187.3,397.9,169.8,39.6,34.9,3.6,340.8,0.8954
291c88b4-color.png,374.3,193.2,353.8,174.9,41.1,36.5,7.4,341.5,0.8616
291c88b4-color.png,353.4,79.7,337.1,61.3,32.7,37.0,0.0,275.0,0.8278
2be783c8-color.png,368.8,230.4,343.1,204.6,51.2,51.6,220.7,230.0,0.9296
2be783c8-color.png,427.4,219.6,406.6,194.2,41.6,50.9,195.7,75.4,0.9198
2be783c8-color.png,360.2,163.0,335.3,136.7,49.6,52.6,212.3,58.6,0.8534
2be783c8-color.png,412.6,112.7,387.0,86.2,51.2,53.0,230.0,207.5,0.8437
2be783c8-color.png,391.5,188.7,366.7,162.6,49.6,52.2,238.6,60.2,0.787
2be783c8-color.png,492.2,210.2,469.5,187.0,45.5,46.5,12.4,54.1,0.7548
2be783c8-color.png,471.9,171.5,451.1,147.4,41.5,48.1,8.0,56.2,0.7029
2c073c5b-color.png,419.5,188.2,400.5,170.6,37.9,35.3,358.8,341.1,0.9205
2c073c5b-color.png,417.7,130.7,398.0,113.0,39.5,35.5,355.6,335.7,0.9051
2c073c5b-color.png,351.8,78.8,336.8,59.0,30.0,39.6,359.7,273.0,0.8885
2c073c5b-color.png,418.9,74.1,399.8,55.3,38.2,37.6,1.4,317.4,0.8473
2c073c5b-color.png,352.0,134.5,336.9,113.9,30.3,41.3,359.3,287.1,0.8469
2c073c5b-color.png,375.8,191.6,356.5,173.6,38.7,35.9,8.0,1.2,0.7726
35f47be5-color.png,368.9,230.1,343.5,203.5,50.9,53.3,215.3,225.4,0.9298
35f47be5-color.png,427.2,219.5,405.5,194.8,43.4,49.6,202.0,85.4,0.9112
35f47be5-color.png,363.2,158.5,339.2,132.0,48.0,53.0,215.9,59.5,0.8526
35f47be5-color.png,411.3,113.0,385.1,86.6,52.5,52.7,229.6,210.3,0.8502
35f47be5-color.png,391.5,187.9,367.2,163.4,48.8,49.1,240.5,51.3,0.8348
35f47be5-color.png,493.9,208.5,470.7,184.0,46.4,49.1,70.7,60.5,0.7581
35f47be5-color.png,471.5,170.8,449.5,146.9,44.1,47.8,24.8,50.7,0.7202
3dd1549b-color.png,344.7,159.8,326.6,139.5,36.1,40.7,6.1,72.8,0.913
3dd1549b-color.png,403.2,84.0,380.7,62.7,44.9,42.6,11.3,48.4,0.8632
3dd1549b-color.png,455.9,164.4,431.8,143.3,48.2,42.2,7.8,91.7,0.7265
42f1d5fe-color.png,419.4,189.7,400.0,171.8,38.8,35.7,1.3,329.3,0.9284
42f1d5fe-color.png,350.7,187.2,334.3,167.7,32.8,38.9,359.8,52.0,0.9032
42f1d5fe-color.png,420.7,75.7,401.6,57.5,38.2,36.5,359.4,321.8,0.8789
42f1d5fe-color.png,349.7,141.1,333.6,121.3,32.3,39.6,358.4,306.2,0.8547
42f1d5fe-color.png,418.5,131.9,400.6,113.0,35.8,37.7,359.0,333.4,0.8088
42f1d5fe-color.png,349.5,77.5,334.3,57.0,30.4,40.9,359.8,265.0,0.7899
4468b4a9-color.png,400.5,166.2,374.4,140.9,52.1,50.5,242.8,16.9,0.8067
4468b4a9-color.png,343.8,165.8,323.9,142.8,39.7,46.1,180.6,74.9,0.7965
4468b4a9-color.png,405.6,92.7,381.6,66.7,48.1,52.0,305.8,302.1,0.7759
4468b4a9-color.png,463.4,170.0,444.6,145.3,37.5,49.5,199.9,83.0,0.7741
46374b36-color.png,453.6,190.8,428.3,166.0,50.7,49.7,127.2,58.1,0.9448
46374b36-color.png,395.6,191.3,371.3,169.3,48.6,44.0,85.2,208.1,0.9446
46374b36-color.png,461.9,114.0,435.6,89.0,52.7,49.9,91.2,51.0,0.9114
46374b36-color.png,393.9,121.3,368.3,95.5,51.2,51.6,78.1,86.2,0.8747
46374b36-color.png,515.8,190.4,492.0,165.5,47.7,49.8,109.8,83.0,0.8396
46374b36-color.png,513.3,121.7,488.3,95.3,49.9,52.6,99.2,62.8,0.8132
47649de1-color.png,362.4,193.1,343.1,176.8,38.7,32.7,359.8,195.5,0.9684
47649de1-color.png,361.4,80.7,343.7,62.6,35.4,36.1,0.7,313.7,0.96
47649de1-color.png,429.5,193.3,409.8,175.3,39.3,35.8,0.6,134.1,0.9452
47649de1-color.png,429.1,77.3,410.9,59.1,36.5,36.4,0.3,356.7,0.9117
47649de1-color.png,362.1,136.8,345.6,117.7,33.0,38.3,359.8,46.8,0.8961
47649de1-color.png,428.2,135.7,411.8,116.2,32.8,39.0,358.2,84.1,0.8564
49e44369-color.png,429.6,137.9,412.5,118.4,34.3,39.0,357.5,31.0,0.9614
49e44369-color.png,361.3,79.5,346.0,59.5,30.6,40.0,359.8,294.3,0.9535
49e44369-color.png,361.5,137.0,343.2,119.3,36.8,35.4,358.8,347.0,0.9211
49e44369-color.png,428.1,79.0,409.3,61.3,37.8,35.4,360.0,324.4,0.9199
49e44369-color.png,429.9,193.1,413.1,173.2,33.6,39.8,0.9,68.2,0.9039
49e44369-color.png,362.9,192.9,347.2,172.9,31.4,39.9,358.1,102.9,0.8552
4ba3108b-color.png,346.9,154.3,325.9,135.2,42.0,38.1,276.3,111.5,0.9367
4ba3108b-color.png,409.5,92.6,387.7,69.5,43.6,46.3,308.0,55.9,0.7977
4ba3108b-color.png,459.3,94.6,436.6,71.4,45.5,46.3,342.2,292.2,0.7793
511d7008-color.png,369.7,229.3,345.0,203.1,49.5,52.3,215.2,236.2,0.9116
511d7008-color.png,427.5,219.6,405.8,194.1,43.3,51.1,195.7,86.1,0.8719
511d7008-color.png,356.8,162.4,331.8,134.9,49.9,55.0,209.0,63.5,0.8425
511d7008-color.png,410.9,117.2,384.6,91.9,52.7,50.5,224.9,207.2,0.7188
511d7008-color.png,444.2,168.1,421.9,143.1,44.6,50.0,226.3,52.6,0.7092
5a8da514-color.png,362.0,134.8,343.4,117.3,37.3,35.0,358.7,12.3,0.9527
5a8da514-color.png,427.1,133.8,407.7,114.6,38.9,38.5,2.5,22.6,0.9515
5a8da514-color.png,429.9,77.7,414.1,57.7,31.6,39.8,0.2,47.8,0.9514
5a8da514-color.png,362.3,192.9,343.2,174.7,38.1,36.4,360.0,189.2,0.9469
5a8da514-color.png,360.1,79.8,344.3,60.4,31.6,38.9,358.9,261.5,0.906
5a8da514-color.png,429.6,192.7,413.0,173.0,33.3,39.4,0.3,109.2,0.9042
5cacee7d-color.png,419.4,188.7,399.8,170.3,39.2,36.6,1.4,330.8,0.9307
5cacee7d-color.png,350.6,186.6,333.9,166.7,33.3,39.8,2.0,50.3,0.8803
5cacee7d-color.png,419.3,75.0,400.3,56.5,38.0,37.1,0.6,310.6,0.8648
5cacee7d-color.png,356.3,79.0,341.1,58.7,30.5,40.7,360.0,273.0,0.8648
5cacee7d-color.png,351.4,132.6,336.5,112.1,29.7,41.0,0.7,283.7,0.8486
5cacee7d-color.png,418.3,131.1,400.4,112.6,35.9,37.2,1.3,328.0,0.8402
5cacee7d-color.png,385.9,217.2,367.4,199.5,37.1,35.4,358.8,66.1,0.7297
5f430915-color.png,421.8,189.7,397.6,163.8,48.4,51.9,90.9,74.6,0.9026
5f430915-color.png,481.4,115.9,455.2,91.6,52.3,48.6,78.0,83.2,0.8948
5f430915-color.png,448.8,153.0,424.7,128.5,48.2,49.1,123.3,16.1,0.8782
5f430915-color.png,422.6,83.2,396.6,59.2,52.0,48.0,85.1,37.5,0.8365
60412b25-color.png,374.8,157.2,353.2,133.9,43.2,46.6,40.6,219.9,0.9037
60412b25-color.png,404.0,91.8,379.9,71.8,48.2,39.9,208.8,166.6,0.7561
60412b25-color.png,427.3,195.7,405.5,173.3,43.8,44.9,128.1,73.0,0.726
60412b25-color.png,482.2,166.2,459.4,143.7,45.5,45.0,281.6,66.3,0.7158
63d46396-color.png,387.4,91.9,364.6,70.9,45.6,41.9,306.0,42.7,0.9113
63d46396-color.png,345.9,154.0,329.4,133.4,33.1,41.2,8.3,41.8,0.9107
63d46396-color.png,458.9,157.0,437.6,134.7,42.6,44.5,338.3,74.6,0.7852
646a9f06-color.png,430.5,126.8,405.9,101.4,49.3,50.8,130.2,39.7,0.8233
646a9f06-color.png,369.3,131.0,348.8,107.3,41.0,47.4,103.9,333.2,0.7645
646a9f06-color.png,369.0,61.4,346.2,35.7,45.7,51.3,216.0,289.1,0.7242
646a9f06-color.png,489.0,130.9,465.2,105.3,47.6,51.2,221.0,41.4,0.7084
65e6752e-color.png,394.0,55.3,370.6,33.7,46.7,43.3,225.1,0.6,0.7911
65e6752e-color.png,393.7,131.5,370.8,107.1,45.9,48.8,151.7,344.4,0.7843
6f323235-color.png,429.1,136.1,409.2,119.8,39.9,32.4,359.1,5.3,0.9621
6f323235-color.png,430.2,191.0,411.6,173.7,37.1,34.6,358.5,160.4,0.9439
6f323235-color.png,362.8,80.3,344.0,62.8,37.6,34.9,359.9,329.3,0.9274
6f323235-color.png,429.2,82.8,413.4,62.2,31.6,41.2,359.0,319.5,0.9106
6f323235-color.png,363.5,138.3,347.4,118.1,32.2,40.5,0.3,73.2,0.9052
6f323235-color.png,362.9,193.4,347.2,172.4,31.4,41.9,359.8,233.1,0.9032
71a6769b-color.png,419.2,188.8,395.6,163.2,47.0,51.1,60.6,145.0,0.8955
71a6769b-color.png,451.7,151.2,426.9,127.4,49.6,47.7,102.7,140.1,0.8787
71a6769b-color.png,477.0,113.9,452.6,89.4,48.8,49.1,43.8,49.8,0.8775
71f023c4-color.png,351.9,188.6,334.6,170.1,34.6,37.0,359.4,40.7,0.9618
71f023c4-color.png,419.4,188.3,400.6,169.8,37.5,37.0,358.4,333.1,0.945
71f023c4-color.png,347.3,76.5,330.4,58.6,33.7,35.8,1.0,151.1,0.9209
71f023c4-color.png,416.5,73.3,396.6,55.8,39.7,35.0,0.7,322.4,0.9127
71f023c4-color.png,417.7,131.6,396.9,115.2,41.6,32.7,0.5,339.7,0.8963
71f023c4-color.png,348.4,139.5,332.7,119.4,31.4,40.1,0.8,312.5,0.8064
738b674b-color.png,471.3,151.4,447.6,127.2,47.3,48.3,122.5,58.3,0.9044
738b674b-color.png,410.6,190.0,386.2,164.9,48.8,50.2,122.6,67.8,0.8311
738b674b-color.png,372.5,82.5,347.1,56.8,50.9,51.4,78.2,125.9,0.7811
7e28f0bc-color.png,346.5,146.8,324.2,127.7,44.5,38.3,279.7,11.7,0.9112
7e28f0bc-color.png,458.9,155.4,436.5,132.0,44.8,46.8,326.1,114.5,0.8882
7e28f0bc-color.png,407.0,120.0,383.0,97.6,47.9,44.7,330.2,43.8,0.8706
7e28f0bc-color.png,375.4,84.0,352.5,60.2,46.0,47.8,188.4,55.8,0.7399
7eb1d29b-color.png,361.0,137.3,343.4,118.7,35.2,37.1,0.8,322.5,0.9686
7eb1d29b-color.png,429.2,80.3,413.4,60.9,31.7,38.9,1.8,355.5,0.9346
7eb1d29b-color.png,360.4,79.3,344.0,59.9,32.7,38.8,3.5,275.4,0.9312
7eb1d29b-color.png,429.3,193.1,412.7,174.3,33.3,37.8,0.8,94.5,0.8886
7eb1d29b-color.png,363.7,192.4,345.4,174.1,36.7,36.7,359.9,160.0,0.8701
7eb1d29b-color.png,430.2,137.1,412.8,119.0,34.8,36.3,357.3,355.1,0.8467
84a0f573-color.png,453.4,113.5,427.2,88.9,52.3,49.3,116.6,88.2,0.9292
84a0f573-color.png,404.3,188.9,379.8,165.4,49.0,47.1,89.3,140.9,0.8976
84a0f573-color.png,394.7,127.1,369.0,103.8,51.4,46.7,79.4,75.1,0.8939
84a0f573-color.png,512.8,190.4,488.0,164.7,49.6,51.2,122.2,97.7,0.8737
84a0f573-color.png,517.3,114.5,492.4,89.5,50.0,50.0,104.0,18.5,0.8714
84a0f573-color.png,456.8,189.3,431.3,164.6,51.1,49.4,101.2,75.7,0.8644
84a0f573-color.png,404.7,81.0,380.0,56.7,49.4,48.7,74.7,37.7,0.7224
8c81f790-color.png,412.2,168.9,389.6,147.1,45.2,43.7,241.2,95.0,0.8701
8c81f790-color.png,474.7,172.7,452.6,153.5,44.1,38.5,256.8,235.3,0.8695
8c81f790-color.png,372.8,114.6,353.5,90.9,38.6,47.4,284.5,324.7,0.8202
8c81f790-color.png,371.0,171.4,351.7,153.4,38.6,35.9,315.2,58.8,0.8117
8c81f790-color.png,411.7,52.6,387.3,30.2,48.7,44.8,285.7,64.7,0.8048
8c81f790-color.png,413.4,109.5,391.5,85.6,44.0,47.7,253.4,359.9,0.8036
8c81f790-color.png,475.4,116.4,455.9,92.6,39.0,47.6,237.4,359.8,0.7393
8f501e6b-color.png,371.2,190.4,349.1,167.9,44.3,44.9,140.0,315.7,0.8463
8f501e6b-color.png,374.4,117.7,351.3,95.1,46.1,45.1,118.5,125.3,0.7623
8f501e6b-color.png,432.9,92.1,409.1,69.9,47.5,44.4,177.6,20.7,0.7581
8f501e6b-color.png,429.4,193.3,409.6,170.1,39.5,46.3,167.6,75.5,0.7406
95807991-color.png,407.1,87.6,383.2,65.1,47.7,45.1,341.1,71.8,0.9127
95807991-color.png,350.1,159.0,334.0,138.9,32.2,40.0,354.1,68.0,0.904
95807991-color.png,458.0,150.9,437.5,129.2,40.9,43.2,13.1,74.8,0.7266
95807991-color.png,405.7,162.5,382.0,140.7,47.3,43.6,45.6,328.6,0.7203
9909ef8a-color.png,347.4,159.3,330.9,138.8,33.0,40.9,3.9,34.5,0.9438
9909ef8a-color.png,406.4,88.6,384.0,68.5,44.8,40.1,307.6,52.8,0.7974
9909ef8a-color.png,462.2,158.6,439.8,136.8,44.9,43.7,336.3,79.1,0.7545
9a580d48-color.png,455.7,152.8,430.3,127.3,50.7,50.9,119.8,346.9,0.9281
9a580d48-color.png,428.2,76.7,402.0,51.5,52.4,50.5,100.3,138.3,0.9193
9a580d48-color.png,488.7,120.9,466.7,96.8,44.1,48.1,133.0,69.8,0.9128
a12a596c-color.png,430.5,135.0,410.5,118.4,40.1,33.1,357.8,29.2,0.9549
a12a596c-color.png,430.7,192.2,410.2,175.5,40.9,33.3,0.2,66.9,0.9446
a12a596c-color.png,362.4,193.6,346.1,173.8,32.5,39.5,359.8,113.3,0.9294
a12a596c-color.png,361.3,139.0,344.8,120.3,33.0,37.4,357.8,342.3,0.913
a12a596c-color.png,427.9,80.5,411.4,60.8,33.0,39.3,2.4,295.4,0.9071
a12a596c-color.png,361.1,79.8,344.6,60.8,33.0,38.0,357.2,279.4,0.903
a2e293ac-color.png,369.8,229.8,344.5,203.8,50.6,52.1,223.6,230.1,0.9089
a2e293ac-color.png,363.7,160.7,339.8,134.0,47.9,53.4,215.1,58.9,0.8071
a2e293ac-color.png,404.9,210.0,381.4,185.6,47.1,48.9,224.2,81.2,0.7352
a67a8b64-color.png,471.1,150.5,447.8,124.4,46.6,52.1,134.6,88.0,0.9522
a67a8b64-color.png,381.4,78.6,355.8,53.9,51.2,49.4,92.7,76.3,0.8708
a67a8b64-color.png,433.6,81.5,408.3,55.8,50.5,51.3,105.4,75.9,0.852
a67a8b64-color.png,442.4,188.6,418.0,164.4,48.8,48.4,140.5,79.8,0.8298
a67a8b64-color.png,500.7,71.3,475.5,46.2,50.4,50.1,70.3,40.0,0.8163
a67a8b64-color.png,381.1,185.5,357.0,161.7,48.3,47.6,108.0,150.6,0.8067
a6f2e215-color.png,428.8,80.0,408.6,62.0,40.3,36.1,358.1,317.6,0.927
a6f2e215-color.png,362.3,193.6,345.2,175.3,34.1,36.5,358.4,139.0,0.9153
a6f2e215-color.png,361.9,79.7,345.7,59.0,32.6,41.4,358.4,270.0,0.9051
a6f2e215-color.png,361.7,137.6,343.2,120.1,37.0,35.0,359.6,332.7,0.8969
a6f2e215-color.png,428.2,193.6,412.3,173.8,31.7,39.6,357.1,103.3,0.8662
a6f2e215-color.png,429.6,135.5,413.4,115.4,32.4,40.3,0.0,78.1,0.8245
a9e60257-color.png,346.5,147.9,323.7,128.9,45.5,38.0,71.1,353.6,0.9191
a9e60257-color.png,408.0,120.7,384.2,97.1,47.6,47.0,276.0,39.9,0.9129
a9e60257-color.png,377.1,84.5,354.1,60.6,46.0,47.8,175.0,51.1,0.7925
a9e60257-color.png,460.4,155.4,436.1,130.7,48.6,49.3,34.8,113.7,0.7899
ab3cd640-color.png,403.9,92.6,379.3,70.7,49.1,43.8,163.3,97.7,0.7885
ab3cd640-color.png,371.7,157.7,349.7,133.4,44.1,48.7,84.0,246.2,0.7677
b9fceb28-color.png,362.6,157.6,339.0,132.3,47.1,50.7,215.3,56.3,0.8875
b9fceb28-color.png,370.3,230.0,346.1,204.1,48.5,51.8,218.4,233.6,0.8769
b9fceb28-color.png,428.3,219.5,405.4,194.7,45.8,49.6,202.0,77.5,0.8285
b9fceb28-color.png,386.5,119.5,362.7,95.1,47.6,49.0,220.1,72.4,0.795
b9fceb28-color.png,423.2,177.7,398.7,153.1,49.1,49.2,58.3,79.6,0.7869
b9fceb28-color.png,447.6,142.9,427.0,118.0,41.3,49.8,43.9,57.8,0.7629
b9fceb28-color.png,478.5,103.6,453.9,75.7,49.0,55.9,214.7,65.9,0.7079
bbd88e30-color.png,361.2,138.0,341.5,115.0,39.5,45.9,359.2,318.6,0.9528
bbd88e30-color.png,429.7,135.6,412.5,115.7,34.4,39.9,357.9,62.2,0.943
bbd88e30-color.png,426.7,80.4,410.8,60.9,31.6,39.0,359.2,306.7,0.9357
bbd88e30-color.png,362.2,193.0,346.4,172.6,31.5,40.6,359.3,122.2,0.9217
bbd88e30-color.png,431.1,191.9,414.1,171.7,34.0,40.3,359.1,78.9,0.8844
bbd88e30-color.png,360.5,81.7,344.1,62.2,32.9,39.0,1.3,265.8,0.8305
c63095ae-color.png,415.5,51.3,392.8,32.0,45.4,38.6,264.5,134.4,0.8613
c63095ae-color.png,470.2,171.7,447.8,152.8,44.8,37.8,248.2,302.5,0.8599
c63095ae-color.png,373.2,90.0,352.3,69.9,41.8,40.1,306.5,347.2,0.8281
c63095ae-color.png,414.6,111.5,392.5,92.0,44.3,39.1,270.9,350.4,0.8246
c63095ae-color.png,412.2,170.1,388.9,146.4,46.6,47.3,297.4,41.0,0.812
c63095ae-color.png,371.4,171.7,350.7,148.4,41.4,46.5,307.3,37.9,0.7953
c63095ae-color.png,476.0,113.9,455.1,94.1,41.8,39.7,234.9,6.9,0.78
ca8fd5c6-color.png,457.5,190.0,435.4,169.6,44.2,40.9,264.7,192.7,0.9199
ca8fd5c6-color.png,393.6,74.1,370.9,52.8,45.4,42.5,258.1,55.5,0.8946
ca8fd5c6-color.png,401.2,189.5,379.6,165.7,43.2,47.6,314.3,325.6,0.8773
ca8fd5c6-color.png,459.6,129.2,435.3,107.6,48.7,43.2,251.6,345.3,0.8705
ca8fd5c6-color.png,348.7,208.5,326.2,187.3,45.1,42.3,289.8,60.4,0.8357
ca8fd5c6-color.png,357.1,131.9,336.2,108.5,41.8,46.9,316.1,352.8,0.7618
ca8fd5c6-color.png,437.3,71.7,413.1,50.9,48.5,41.7,280.0,336.3,0.7259
cc926018-color.png,347.8,190.4,325.8,172.1,44.1,36.7,44.8,20.0,0.9196
cc926018-color.png,450.8,193.1,428.0,172.1,45.7,41.9,345.1,73.6,0.8364
cc926018-color.png,349.2,89.7,327.4,68.5,43.5,42.4,339.3,80.7,0.7641
cc926018-color.png,457.1,93.9,433.9,71.6,46.2,44.5,338.6,323.5,0.741
cf205ea6-color.png,381.7,167.1,358.1,145.0,47.3,44.3,274.2,39.3,0.8524
cf205ea6-color.png,373.4,112.8,353.8,93.0,39.3,39.6,3.5,335.1,0.8127
cf205ea6-color.png,417.0,52.1,392.1,30.5,49.8,43.2,267.5,63.9,0.7801
cf205ea6-color.png,430.9,189.0,408.0,169.9,45.8,38.4,289.8,65.2,0.7387
cf205ea6-color.png,477.7,113.4,455.5,94.3,44.4,38.2,234.8,359.5,0.7315
cf205ea6-color.png,377.1,64.1,354.0,42.9,46.1,42.5,317.9,63.4,0.7224
cf205ea6-color.png,476.8,174.0,455.1,153.7,43.6,40.6,257.9,47.3,0.7223
d38ea15e-color.png,362.2,193.2,346.8,173.1,30.7,40.2,359.6,127.9,0.9715
d38ea15e-color.png,362.6,138.9,345.9,120.1,33.4,37.6,359.9,348.6,0.9376
d38ea15e-color.png,362.4,80.4,346.1,61.1,32.4,38.6,0.1,277.3,0.9304
d38ea15e-color.png,427.8,75.9,411.9,55.4,31.9,40.9,359.8,297.0,0.9052
d38ea15e-color.png,431.9,192.6,412.1,176.3,39.7,32.5,359.6,48.3,0.9045
d38ea15e-color.png,430.1,136.0,412.8,116.4,34.5,39.1,358.2,47.8,0.8973
d8d102e4-color.png,452.7,189.9,427.0,165.6,51.3,48.6,114.4,53.6,0.9524
d8d102e4-color.png,456.3,115.5,431.2,91.4,50.2,48.2,89.0,46.3,0.9182
d8d102e4-color.png,517.4,117.2,494.3,92.2,46.1,50.0,72.2,51.9,0.8867
d8d102e4-color.png,515.8,190.6,493.1,167.8,45.5,45.6,102.5,57.8,0.8643
d8d102e4-color.png,398.9,190.6,375.1,165.3,47.7,50.5,88.4,113.5,0.8462
d8d102e4-color.png,399.4,114.6,374.2,90.5,50.4,48.2,68.6,291.7,0.7252
d96bca7a-color.png,432.9,72.1,408.2,51.6,49.4,41.0,272.3,340.4,0.8771
d96bca7a-color.png,457.6,190.2,434.2,168.1,46.7,44.2,251.2,155.5,0.8768
d96bca7a-color.png,413.3,188.8,389.9,165.3,46.8,47.1,6.6,70.7,0.8627
d96bca7a-color.png,364.0,68.2,340.2,43.6,47.5,49.2,221.6,57.6,0.7667
d96bca7a-color.png,390.9,131.0,368.7,109.6,44.4,42.7,277.2,351.8,0.7567
d96bca7a-color.png,454.3,130.8,430.9,109.8,46.8,42.0,244.3,349.8,0.742
d96bca7a-color.png,366.5,189.4,342.3,166.6,48.4,45.6,1.0,53.3,0.7152
dd60aa44-color.png,428.9,134.6,410.1,117.0,37.7,35.2,357.8,29.2,0.9617
dd60aa44-color.png,361.7,137.0,344.7,118.1,34.0,37.8,1.3,313.7,0.9617
dd60aa44-color.png,362.0,79.8,343.6,60.3,36.7,39.1,21.2,316.9,0.9546
dd60aa44-color.png,362.6,194.0,345.9,175.1,33.4,37.9,359.6,115.0,0.9456
dd60aa44-color.png,429.9,193.2,413.1,172.8,33.5,40.7,1.6,109.1,0.8966
dd60aa44-color.png,428.3,79.4,412.7,59.1,31.1,40.5,0.2,270.7,0.8408
e2ad11c8-color.png,361.6,137.4,343.8,119.8,35.6,35.2,358.8,352.9,0.9614
e2ad11c8-color.png,429.1,138.1,413.1,118.5,31.9,39.1,359.8,27.4,0.9526
e2ad11c8-color.png,430.2,79.1,410.6,62.4,39.2,33.4,11.6,307.5,0.9348
e2ad11c8-color.png,361.1,82.8,345.2,63.0,31.8,39.7,358.8,309.9,0.8898
e2ad11c8-color.png,361.9,193.5,346.3,173.1,31.2,40.8,359.7,109.9,0.8628
e2ad11c8-color.png,428.9,193.0,412.1,173.7,33.4,38.5,359.7,88.4,0.849
e4c28046-color.png,347.9,148.5,325.6,128.9,44.8,39.1,60.0,354.2,0.9278
e4c28046-color.png,381.8,87.0,358.8,62.1,46.0,49.9,228.1,52.1,0.8961
e4c28046-color.png,461.8,153.6,439.2,128.8,45.2,49.5,349.6,122.9,0.7906
e613dbf0-color.png,393.5,47.3,368.9,25.6,49.3,43.3,239.7,356.9,0.8139
e613dbf0-color.png,389.9,171.6,369.7,146.8,40.3,49.6,253.3,283.7,0.7834
e613dbf0-color.png,458.2,168.9,436.0,142.9,44.3,51.9,215.6,54.7,0.7743
e613dbf0-color.png,389.8,109.7,369.2,84.2,41.2,51.0,213.4,268.3,0.7418
e613dbf0-color.png,462.9,107.9,439.5,82.1,46.6,51.6,327.2,337.3,0.7021
e8063e46-color.png,429.5,77.2,413.7,57.3,31.5,39.8,1.5,55.3,0.9512
e8063e46-color.png,360.5,79.0,342.8,59.3,35.5,39.3,359.0,295.3,0.9428
e8063e46-color.png,429.9,192.7,413.9,172.5,32.0,40.3,359.9,90.6,0.935
e8063e46-color.png,362.3,189.8,342.9,171.7,38.9,36.2,359.9,179.3,0.9276
e8063e46-color.png,428.5,136.4,409.2,119.6,38.5,33.5,358.9,340.3,0.9189
e8063e46-color.png,359.3,136.3,341.8,119.3,35.0,34.1,358.7,53.6,0.8966
ec2eb8df-color.png,370.8,155.8,348.4,132.3,44.9,47.0,123.4,228.3,0.8559
ec2eb8df-color.png,406.4,92.3,382.6,72.0,47.6,40.7,154.9,37.4,0.8373
ed54ad54-color.png,350.5,187.3,333.3,167.9,34.4,38.8,358.3,40.3,0.9532
ed54ad54-color.png,419.5,188.3,401.3,169.9,36.2,36.9,358.5,316.1,0.9377
ed54ad54-color.png,418.6,130.9,398.8,114.4,39.5,32.9,2.4,328.8,0.9132
ed54ad54-color.png,416.5,68.6,397.7,50.0,37.4,37.2,7.3,334.5,0.8965
ed54ad54-color.png,348.0,76.5,330.3,57.9,35.3,37.2,359.9,219.5,0.8856
ed54ad54-color.png,349.5,136.9,334.3,116.8,30.2,40.3,357.5,304.4,0.87
f05074cb-color.png,363.0,194.9,346.1,175.0,33.9,39.7,359.8,202.6,0.9456
f05074cb-color.png,430.4,192.9,410.3,176.7,40.2,32.4,358.4,117.2,0.9454
f05074cb-color.png,362.1,137.6,346.0,118.0,32.1,39.1,1.6,21.1,0.9297
f05074cb-color.png,428.3,80.2,408.7,62.8,39.0,34.8,3.7,2.8,0.9138
f05074cb-color.png,360.6,80.8,344.2,62.3,32.8,37.1,0.8,283.9,0.9132
f05074cb-color.png,429.7,135.3,412.4,115.2,34.5,40.3,0.6,80.1,0.8892
f789f7cb-color.png,362.7,194.3,345.7,174.9,34.0,38.7,357.4,211.6,0.9216
f789f7cb-color.png,429.6,75.8,412.9,56.4,33.4,38.6,359.2,338.6,0.9191
f789f7cb-color.png,362.0,139.2,343.8,121.0,36.5,36.2,358.5,5.3,0.9135
f789f7cb-color.png,429.5,192.1,410.1,175.8,38.6,32.5,353.4,161.4,0.9027
f789f7cb-color.png,431.2,130.9,413.4,112.2,35.7,37.5,358.4,46.3,0.8699
f789f7cb-color.png,360.3,82.0,344.0,62.3,32.5,39.3,359.6,281.9,0.8574
f789f7cb-color.png,391.6,112.0,372.6,92.5,37.9,39.0,359.1,26.4,0.7236
f8618ac0-color.png,381.0,79.5,356.3,54.2,49.5,50.8,84.3,78.7,0.9128
f8618ac0-color.png,440.3,75.8,414.7,50.6,51.2,50.4,80.4,102.0,0.9121
f8618ac0-color.png,382.8,189.0,360.4,165.9,44.7,46.2,55.0,281.8,0.8881
f8618ac0-color.png,470.0,150.8,445.8,125.4,48.5,50.9,122.5,72.3,0.8556
fc1715f8-color.png,401.5,166.8,375.8,141.2,51.3,51.2,228.5,32.4,0.8727
fc1715f8-color.png,345.7,169.3,326.1,144.9,39.3,48.8,186.7,66.6,0.8572
fc1715f8-color.png,459.4,167.7,438.5,145.2,41.7,44.9,357.4,86.5,0.8387
fc1715f8-color.png,406.7,54.1,381.6,33.5,50.1,41.3,51.6,359.8,0.8222
fc1715f8-color.png,346.2,59.8,323.3,36.9,45.8,45.8,275.5,314.2,0.7831
